{
  "total": 19,
  "home_wins": 12,
  "draws": 4,
  "away_wins": 3,
  "market_accuracy": 63.1578947368421,
  "rule_accuracy": 68.42105263157895,
  "improved_accuracy": 63.1578947368421,
  "improvement": 0.0,
  "matches": [
    {
      "initial_home": 2.37,
      "initial_draw": 3.06,
      "initial_away": 2.63,
      "final_home": 2.3,
      "final_draw": 3.14,
      "final_away": 2.66,
      "home_change": -0.07000000000000028,
      "draw_change": 0.08000000000000007,
      "away_change": 0.03000000000000025,
      "home_change_pct": -2.9535864978903072,
      "draw_change_pct": 2.6143790849673225,
      "away_change_pct": 1.1406844106463974,
      "changes_1x2": 5,
      "changes_handicap": 4,
      "market_home_prob": 38.503807785215095,
      "market_draw_prob": 28.20342608471169,
      "market_away_prob": 33.2927661300732,
      "market_favorite": 0,
      "home_odds_down": 1,
      "away_odds_down": 0,
      "actual_result": 1
    },
    {
      "initial_home": 2.25,
      "initial_draw": 3.5,
      "initial_away": 2.52,
      "final_home": 1.94,
      "final_draw": 3.53,
      "final_away": 3.02,
      "home_change": -0.31000000000000005,
      "draw_change": 0.029999999999999805,
      "away_change": 0.5,
      "home_change_pct": -13.77777777777778,
      "draw_change_pct": 0.8571428571428517,
      "away_change_pct": 19.841269841269842,
      "changes_1x2": 6,
      "changes_handicap": 5,
      "market_home_prob": 45.62128759478937,
      "market_draw_prob": 25.07232236087574,
      "market_away_prob": 29.306390044334897,
      "market_favorite": 0,
      "home_odds_down": 1,
      "away_odds_down": 0,
      "actual_result": 0
    },
    {
      "initial_home": 1.43,
      "initial_draw": 4.1,
      "initial_away": 5.4,
      "final_home": 1.43,
      "final_draw": 4.15,
      "final_away": 5.3,
      "home_change": 0.0,
      "draw_change": 0.05000000000000071,
      "away_change": -0.10000000000000053,
      "home_change_pct": 0.0,
      "draw_change_pct": 1.2195121951219685,
      "away_change_pct": -1.8518518518518614,
      "changes_1x2": 4,
      "changes_handicap": 2,
      "market_home_prob": 61.94291507667178,
      "market_draw_prob": 21.344185195094127,
      "market_away_prob": 16.712899728234085,
      "market_favorite": 0,
      "home_odds_down": 0,
      "away_odds_down": 1,
      "actual_result": 0
    },
    {
      "initial_home": 1.86,
      "initial_draw": 3.45,
      "initial_away": 3.32,
      "final_home": 1.9,
      "final_draw": 3.4,
      "final_away": 3.25,
      "home_change": 0.039999999999999813,
      "draw_change": -0.050000000000000266,
      "away_change": -0.06999999999999984,
      "home_change_pct": 2.150537634408592,
      "draw_change_pct": -1.4492753623188481,
      "away_change_pct": -2.108433734939754,
      "changes_1x2": 2,
      "changes_handicap": 2,
      "market_home_prob": 46.65400042220815,
      "market_draw_prob": 26.07135317711632,
      "market_away_prob": 27.274646400675532,
      "market_favorite": 0,
      "home_odds_down": 0,
      "away_odds_down": 1,
      "actual_result": 0
    },
    {
      "initial_home": 3.63,
      "initial_draw": 3.35,
      "initial_away": 1.8,
      "final_home": 3.35,
      "final_draw": 3.25,
      "final_away": 1.91,
      "home_change": -0.2799999999999998,
      "draw_change": -0.10000000000000009,
      "away_change": 0.10999999999999988,
      "home_change_pct": -7.713498622589526,
      "draw_change_pct": -2.9850746268656745,
      "away_change_pct": 6.111111111111104,
      "changes_1x2": 4,
      "changes_handicap": 6,
      "market_home_prob": 26.42220188562793,
      "market_draw_prob": 27.235192712878032,
      "market_away_prob": 46.342605401494026,
      "market_favorite": 2,
      "home_odds_down": 1,
      "away_odds_down": 0,
      "actual_result": 0
    },
    {
      "initial_home": 2.22,
      "initial_draw": 3.05,
      "initial_away": 2.85,
      "final_home": 2.25,
      "final_draw": 2.99,
      "final_away": 2.85,
      "home_change": 0.029999999999999805,
      "draw_change": -0.05999999999999961,
      "away_change": 0.0,
      "home_change_pct": 1.3513513513513424,
      "draw_change_pct": -1.9672131147540857,
      "away_change_pct": 0.0,
      "changes_1x2": 2,
      "changes_handicap": 2,
      "market_home_prob": 39.33938092929852,
      "market_draw_prob": 29.603213073886852,
      "market_away_prob": 31.057405996814623,
      "market_favorite": 0,
      "home_odds_down": 0,
      "away_odds_down": 0,
      "actual_result": 0
    },
    {
      "initial_home": 1.32,
      "initial_draw": 4.82,
      "initial_away": 6.1,
      "final_home": 1.3,
      "final_draw": 5.05,
      "final_away": 6.15,
      "home_change": -0.020000000000000018,
      "draw_change": 0.22999999999999954,
      "away_change": 0.05000000000000071,
      "home_change_pct": -1.5151515151515165,
      "draw_change_pct": 4.771784232365135,
      "away_change_pct": 0.8196721311475527,
      "changes_1x2": 6,
      "changes_handicap": 7,
      "market_home_prob": 68.08242450813833,
      "market_draw_prob": 17.526168685263332,
      "market_away_prob": 14.391406806598347,
      "market_favorite": 0,
      "home_odds_down": 1,
      "away_odds_down": 0,
      "actual_result": 0
    },
    {
      "initial_home": 2.1,
      "initial_draw": 2.98,
      "initial_away": 3.15,
      "final_home": 2.13,
      "final_draw": 2.95,
      "final_away": 3.12,
      "home_change": 0.029999999999999805,
      "draw_change": -0.029999999999999805,
      "away_change": -0.029999999999999805,
      "home_change_pct": 1.428571428571419,
      "draw_change_pct": -1.0067114093959666,
      "away_change_pct": -0.9523809523809462,
      "changes_1x2": 2,
      "changes_handicap": 3,
      "market_home_prob": 41.58477574311778,
      "market_draw_prob": 30.02561773994606,
      "market_away_prob": 28.389606516936173,
      "market_favorite": 0,
      "home_odds_down": 0,
      "away_odds_down": 1,
      "actual_result": 0
    },
    {
      "initial_home": 1.88,
      "initial_draw": 3.4,
      "initial_away": 3.3,
      "final_home": 2.05,
      "final_draw": 3.35,
      "final_away": 2.92,
      "home_change": 0.16999999999999993,
      "draw_change": -0.04999999999999982,
      "away_change": -0.3799999999999999,
      "home_change_pct": 9.042553191489358,
      "draw_change_pct": -1.4705882352941124,
      "away_change_pct": -11.515151515151514,
      "changes_1x2": 5,
      "changes_handicap": 5,
      "market_home_prob": 43.21530339510946,
      "market_draw_prob": 26.44518565969384,
      "market_away_prob": 30.3395109451967,
      "market_favorite": 0,
      "home_odds_down": 0,
      "away_odds_down": 1,
      "actual_result": 0
    },
    {
      "initial_home": 1.45,
      "initial_draw": 4.0,
      "initial_away": 5.3,
      "final_home": 1.45,
      "final_draw": 4.0,
      "final_away": 5.3,
      "home_change": 0.0,
      "draw_change": 0.0,
      "away_change": 0.0,
      "home_change_pct": 0.0,
      "draw_change_pct": 0.0,
      "away_change_pct": 0.0,
      "changes_1x2": 0,
      "changes_handicap": 1,
      "market_home_prob": 61.12152227187545,
      "market_draw_prob": 22.156551823554853,
      "market_away_prob": 16.7219259045697,
      "market_favorite": 0,
      "home_odds_down": 0,
      "away_odds_down": 0,
      "actual_result": 0
    },
    {
      "initial_home": 1.95,
      "initial_draw": 3.35,
      "initial_away": 3.15,
      "final_home": 1.92,
      "final_draw": 3.28,
      "final_away": 3.3,
      "home_change": -0.030000000000000027,
      "draw_change": -0.07000000000000028,
      "away_change": 0.1499999999999999,
      "home_change_pct": -1.5384615384615399,